¿Ü°ü°Ë»ç ³«ÇÏ,¿Ü°ü°Ë»ç ³«ÇÏ,¿Ü°ü°Ë»ç ³«ÇÏ,USO11,1
¿Ü°ü°Ë»ç MCR Mark ÝÕ,¿Ü°ü°Ë»ç MCR Mark ÝÕ,¿Ü°ü°Ë»ç MCR Mark ÝÕ,USO14,1
½ÇÀå ¼³ºñ ÂïÈû,½ÇÀå ¼³ºñ ÂïÈû,½ÇÀå ¼³ºñ ÂïÈû,USF22,1
½ÇÀå ³«ÇÏ,½ÇÀå ³«ÇÏ,½ÇÀå ³«ÇÏ,USF36,1
Lami ³«ÇÏ,¼³ºñ)Lami ³«ÇÏ,¼³ºñ)Lami ³«ÇÏ,USW22,1
ZONE OVER,Zone Over,Zone Over,USD14,1
FAB)S-TRIMMING,ZEBRA Defect,ZEBRA Defect,USL10,1
YELLOWISH,YELLOWISH,Yellowish,USU23,1
SPOT,W-Spot,W-Spot,USU26,1
WHITE DOT,W-Spot,W-Spot,USU26,1
SPOT HIGH,W-Spot,W-Spot,USU26,1
ÈòÁ¡¾ó·è,W-Spot,W-Spot,USU26,1
FAB)W-Spot,W-Spot,W-Spot,USU26,1
WINKEY FAIL ,WINKEY FAIL,WINKEY FAIL,UST120,1
WINKEY FAIL,WINKEY FAIL,WINKEY FAIL,UST120,1
WINDOW Ä«¸Þ¶ó,WINDOW Ä«¸Þ¶ó,WINDOW Ä«¸Þ¶ó,USW09,1
WINDOW ÀÎ¼â,WINDOW ÀÎ¼â,WINDOW ÀÎ¼â,USW10,1
WINDOW µ¹±â,WINDOW µ¹±â,WINDOW µ¹±â,USW24,1
WINDOW¾ó·è,Window Spot,Window Spot,USW02,1
WINDOWÂïÈû,Window Spear,Window Spear,USW03,1
WINDOW S/C,WINDOW S/C,Window Scratch,USW04,1
Window Others,Window Others,Window Others,USW06,1
WINDOW¿Ü°ü±âÅ¸,Window Others,Window Others,USW06,1
WINDOW LOG,WINDOW LOG,WINDOW LOG,USW08,1
WINDOW IR,WINDOW IR,WINDOW IR,USW07,1
WINDOW ICON,WINDOW ICON,WINDOW ICON,USW11,1
WINDOW Crack,WINDOW Crack,WINDOW Crack,USW05,1
WINDOW ¿À¿°,WINDOW Contamination,WINDOW Contamination,USW26,1
WINDOW Chipping,WINDOW Chipping,WINDOW Chipping,USW16,1
WINDOW Broken,Window Broken,Window Broken,USW17,1
Window,Window Alien,Window Alien,USW01,1
Window Imul,Window Alien,Window Alien,USW01,1
Window Alien,Window Alien,Window Alien,USW01,1
WINDOWÀÌ¹°,Window Alien,Window Alien,USW01,1
WHITE SPOT,White Spot,W-Spot,USU26,1
FAB)¹°¾ó·è,Water Stain,Water Stain,USU18,1
VERTICAL STAIN,VL Stain,VL Stain,USU16,1
HE VERTICAL LINE,VL Stain,VL Stain,USU16,1
VERTICAL,VL Stain,VL Stain,USU16,1
VERTICAL ETC,VL Stain,VL Stain,USU16,1
Vertical Line Spot,VL Stain,VL Stain,USU16,1
FAB)¼¼·ÎÁÙ¾ó·è,VL Stain,VL Stain,USU16,1
COMPENSATION TIME OVER,Vision Error,Vision Error,USU34,1
DISPLAY DEFECT,Vision Error,Vision Error,USU34,1
DisplayºÒ·®,Vision Error,Vision Error,USU34,1
INSPECTION FAIL,Vision Error,Vision Error,USU34,1
NO PANEL,Vision Error,Vision Error,USU34,1
VISION DATA READING FAIL,Vision Error,Vision Error,USU34,1
Insp Class End - Vision Time Out,Vision Error,Vision Error,USU34,1
poc Class End - Compensation Grab Time Out,Vision Error,Vision Error,USU34,1
Grab End  - Vision Time Out,Vision Error,Vision Error,USU34,1
PROC.POC  - POC Process Time Out,Vision Error,Vision Error,USU34,1
PROC.INSP - INSP Process Time Out,Vision Error,Vision Error,USU34,1
TIMEOUT_COMPENSATION ,TIMEOUT_COMPENSATION,TIMEOUT_COMPENSATION,USF48,1
Vision Time Out,Vision Error,Vision Error,USU34,1
Pattern Display Error,Vision Error,Vision Error,USU34,1
?? Display Error,Vision Error,Vision Error,USU34,1
ÆÐÅÏ Display Error,Vision Error,Vision Error,USU34,1
POC_PROC_TIMEOUT,Vision Error,Vision Error,USU34,1
INSP_PROC_TIMEOUT,Vision Error,Vision Error,USU34,1
VEC_LOAD_TIMEOUT,Vision Error,Vision Error,USU34,1
Active Align Fail,Vision Error,Vision Error,USU34,1
¼¼·Î¼±±âÅ¸,Vertical Line Others,Vertical Line Others,USO05,1
Data Defect Macro2,Vertical Line,FT)S-Vertical Line,USO16,1
(FAB)»óºÎÂïÈû,Upper Spear(FAB),Upper Spear(FAB),USS13,1
(FAB)»óºÎÀÌ¹°,Upper Particle(FAB),Upper Particle(FAB),USS12,1
DIRT,UB Spot,UB Spot,USU24,1
BL STAIN,UB Spot,UB Spot,USU24,1
PLANE STAIN,UB Spot,UB Spot,USU24,1
STAIN DARK,UB Spot,UB Spot,USU24,1
STAIN HIGH,UB Spot,UB Spot,USU24,1
OBJECT,UB Spot,UB Spot,USU24,1
BRUSH,UB Spot,UB Spot,USU24,1
DISCOLOR,UB Spot,UB Spot,USU24,1
TIRE,UB Spot,UB Spot,USU24,1
RING,UB Spot,UB Spot,USU24,1
RJ MASK,UB Spot,UB Spot,USU24,1
SCRATCH,UB Spot,UB Spot,USU24,1
SHADOW,UB Spot,UB Spot,USU24,1
Panel Spot Others,UB Spot,UB Spot,USU24,1
Irregular Spot,UB Spot,UB Spot,USU24,1
FAB)UB Spot,UB Spot,UB Spot,USU24,1
T-CNT MOLD,TSP-CNT MOLD Fail,TSP-CNT MOLD Fail,USF30,1
TSP ±âÆ÷,TSP ±âÆ÷,TSP ±âÆ÷,UST23,1
TSP COM VERSION ,TSP COM VERSION NG ,TSP COM VERSION NG,UST111,1
TSP COM VERSION NG,TSP COM VERSION NG ,TSP COM VERSION NG,UST111,1
TSP COM VERSION NG ,TSP COM VERSION NG ,TSP COM VERSION NG,UST111,1
CF Version,TSP COM VERSION NG,TSP COM VERSION NG,UST111,1
VERSION CHECK ERROR,TSP COM VERSION NG,TSP COM VERSION NG,UST111,1
PROD VER ERROR,TSP COM VERSION NG,TSP COM VERSION NG,UST111,1
PKGID VER ERROR,TSP COM VERSION NG,TSP COM VERSION NG,UST111,1
Title Ver Error,TSP COM VERSION NG,TSP COM VERSION NG,UST111,1
Melfas Section version Fail[0F],TSP COM VERSION NG,TSP COM VERSION NG,UST111,1
Melfas Section version Fail,TSP COM VERSION NG,TSP COM VERSION NG,UST111,1
CF Version[8226] NG,TSP COM VERSION NG,TSP COM VERSION NG,UST111,1
Core Ver Error,TSP COM VERSION NG,TSP COM VERSION NG,UST111,1
TSP COM VERSION,TSP COM VERSION NG,TSP COM VERSION NG,UST111,1
TSP ÂïÈû,TSP Spear,TSP Spear,UST27,1
TSP SELF FAIL ,TSP SELF FAIL,TSP SELF FAIL,UST107,1
TSP SELF FAIL,TSP SELF FAIL,TSP SELF FAIL,UST107,1
TSP Ref Ov,TSP CM OVER,TSP CM OVER,UST90,1
TSP REF OVER,TSP CM OVER,TSP CM OVER,UST90,1
OVER ERROR,TSP CM OVER,TSP CM OVER,UST90,1
TSP CX2 OVER,TSP CM OVER,TSP CM OVER,UST90,1
TSP CM OVER ,TSP CM OVER,TSP CM OVER,UST90,1
TSP CMS OVER ,TSP CM OVER,TSP CM OVER,UST90,1
TSP CMR OVER ,TSP CM OVER,TSP CM OVER,UST90,1
TSP Ref MM,TSP CM M-M,TSP CM M-M,UST93,1
TSP RAW M/M,TSP CM M-M,TSP CM M-M,UST93,1
TSP REF M/M,TSP CM M-M,TSP CM M-M,UST93,1
LIMIT[Max-Min],TSP CM M-M,TSP CM M-M,UST93,1
TSP CM M/M ,TSP CM M-M,TSP CM M-M,UST93,1
TSP CM M-M,TSP CM M-M,TSP CM M-M,UST93,1
TSP CM M-M ,TSP CM M-M,TSP CM M-M,UST93,1
TSP CB Tx Over,TSP CB OVER,TSP CB OVER,UST99,1
TSP PF ¹Ì¹Ú¸®,TSP PF Miss,TSP PF Miss,USM2,1
TSP PF ºÒ·®,TSP PF Fail,TSP PF Fail,UST28,1
TSP¿Ü°ü±âÅ¸,TSP Others,TSP Others,UST08,1
TSP¿Àµ¿ÀÛ,TSP COM CMD NG,TSP COM CMD NG,UST115,1
TSP CM SET OPEN ,TSP CM OPEN ,TSP CM OPEN,UST89,1
TSP CM RAW OPEN ,TSP CM OPEN ,TSP CM OPEN,UST89,1
TSP CM AMBIENT OPEN ,TSP CM OPEN ,TSP CM OPEN,UST89,1
TSP Open,TSP CM OPEN ,TSP CM OPEN,UST89,1
TSP REF OPEN,TSP CM OPEN ,TSP CM OPEN,UST89,1
OPEN ERROR,TSP CM OPEN ,TSP CM OPEN,UST89,1
TSP RAW OPEN,TSP CM OPEN ,TSP CM OPEN,UST89,1
Cypress Btn RawCount NG!,TSP CM OPEN ,TSP CM OPEN,UST89,1
TSP CX2 OPEN,TSP CM OPEN ,TSP CM OPEN,UST89,1
TSP CM OPEN ,TSP CM OPEN ,TSP CM OPEN,UST89,1
TSP SELF SENSING OPEN ,TSP CM OPEN ,TSP CM OPEN,UST89,1
TSP JIT OPEN ,TSP CM JITTER,TSP CM JITTER,UST97,1
TSP NOH OPEN ,TSP CM OPEN ,TSP CM OPEN,UST89,1
TSP NOL OPEN ,TSP CM OPEN ,TSP CM OPEN,UST89,1
TSP SEN OPEN ,TSP CM OPEN ,TSP CM OPEN,UST89,1
TSP CMS OPEN ,TSP CM OPEN ,TSP CM OPEN,UST89,1
TSP CMR OPEN ,TSP CM OPEN ,TSP CM OPEN,UST89,1
TSP CS OPEN ,TSP CM OPEN ,TSP CM OPEN,UST89,1
TSP CSR OPEN ,TSP CM OPEN ,TSP CM OPEN,UST89,1
TSP_OPEN FAIL,TSP CM OPEN ,TSP CM OPEN,UST89,1
TSP CM SET OPEN,TSP CM SET,TSP CM SET,UST96,1
TSP CM RAW OPEN,TSP CM OPEN ,TSP CM OPEN,UST89,1
TSP CM AMBIENT OPEN,TSP CM OPEN ,TSP CM OPEN,UST89,1
TSP OCA Tilt,TSP OCA Tilt,TSP OCA Tilt,USM8,1
TSP OCA ´­¸²,TSP OCA sinking,TSP OCA sinking,USM4,1
TSP±¸µ¿ºÒ,TSP COM CMD NG,TSP COM CMD NG,UST115,1
TSP No Display,TSP COM CMD NG,TSP COM CMD NG,UST115,1
TSP NOT found,TSP COM CMD NG,TSP COM CMD NG,UST115,1
TSP NOT FOUND!,TSP COM CMD NG,TSP COM CMD NG,UST115,1
F$34 is not found,TSP COM CMD NG,TSP COM CMD NG,UST115,1
DEVICE NOT FOUND,TSP COM CMD NG,TSP COM CMD NG,UST115,1
FTS INITIAL FAIL!,TSP COM CMD NG,TSP COM CMD NG,UST115,1
TSP_NO DATA,TSP COM CMD NG,TSP COM CMD NG,UST115,1
TSP Operation Fail,TSP COM CMD NG,TSP COM CMD NG,UST115,1
TSP Abs Over ERROR,TSP COM CMD NG,TSP COM CMD NG,UST115,1
TSP Abs Over,TSP COM CMD NG,TSP COM CMD NG,UST115,1
TSP REF ALL,TSP CM ALL,TSP CM ALL,UST94,1
TSP CM ALL ,TSP CM ALL,TSP CM ALL,UST94,1
TSP JIT ALL ,TSP CM JITTER,TSP CM JITTER,UST97,1
TSP NOH ALL ,TSP CM ALL,TSP CM ALL,UST94,1
TSP NOL ALL ,TSP CM ALL,TSP CM ALL,UST94,1
TSP SEN ALL ,TSP CM ALL,TSP CM ALL,UST94,1
TSP CMS ALL ,TSP CM ALL,TSP CM ALL,UST94,1
TSP CMR ALL ,TSP CM ALL,TSP CM ALL,UST94,1
TSP CS ALL ,TSP CM ALL,TSP CM ALL,UST94,1
TSP CSR ALL ,TSP CM ALL,TSP CM ALL,UST94,1
TSP COM CMD NG,TSP COM CMD NG,TSP COM CMD NG,UST115,1
TSP COM CMD NG ,TSP COM CMD NG,TSP COM CMD NG,UST115,1
TSP Lami ÂïÈû,TSP Lami Spear,TSP Lami Spear,USM1,1
TSP Lami ±âÅ¸,TSP Lami Others,TSP Lami Others,USM7,1
TSP Lami ³«ÇÏ,TSP Lami Dropping,TSP Lami Dropping,USM3,1
TSP Lami ±âÆ÷,TSP Lami Bubble,TSP Lami Bubble,USM6,1
TSP Lami ÀÌ¹°,TSP Lami Alien,TSP Lami Alien,USM5,1
TSP Lami A/M,TSP Lami A/M,TSP Lami A/M,USM9,1
TSP CB Tx Open,WINKEY FAIL,WINKEY FAIL,UST120,1
TSP REF KEY MAX,WINKEY FAIL,WINKEY FAIL,UST120,1
TSP REF KEY MIN,WINKEY FAIL,WINKEY FAIL,UST120,1
TSP_KEY KRD M/M,WINKEY FAIL,WINKEY FAIL,UST120,1
TSP_KEY KJD M/M,WINKEY FAIL,WINKEY FAIL,UST120,1
TSP_KEY KCX2 M/M,WINKEY FAIL,WINKEY FAIL,UST120,1
TSP ´­¸²,TSP is squashed,TSP is squashed,UST29,1
TSP COM INT ,TSP COM INT NG ,TSP COM INT NG,UST112,1
TSP INT PIN,TSP COM INT NG ,TSP COM INT NG,UST112,1
TSP INIT fail!,TSP COM INT NG ,TSP COM INT NG,UST112,1
INT PIN,TSP COM INT NG ,TSP COM INT NG,UST112,1
INT LOW ERR,TSP COM INT NG ,TSP COM INT NG,UST112,1
INT HIGH ERR,TSP COM INT NG ,TSP COM INT NG,UST112,1
INT LOW CHECK NG,TSP COM INT NG ,TSP COM INT NG,UST112,1
TSP INT,TSP COM INT NG ,TSP COM INT NG,UST112,1
EXT3 PIN,TSP COM INT NG ,TSP COM INT NG,UST112,1
Cypress TMA44X PWC Fail!,TSP COM CMD NG,TSP COM CMD NG,UST115,1
Cypress TMA44X PWC Fail,TSP COM CMD NG,TSP COM CMD NG,UST115,1
INT PIN(L) CHECK NG,TSP COM INT NG ,TSP COM INT NG,UST112,1
INT PIN(H) CHECK NG,TSP COM INT NG ,TSP COM INT NG,UST112,1
INTERRUPT CHECK FAIL,TSP COM INT NG ,TSP COM INT NG,UST112,1
Cypress Initial Fail!,TSP COM CMD NG,TSP COM CMD NG,UST115,1
INT PIN (,TSP COM INT NG ,TSP COM INT NG,UST112,1
RESET PIN NG,TSP COM INT NG ,TSP COM INT NG,UST112,1
INT PIN ,TSP COM INT NG ,TSP COM INT NG,UST112,1
TSP COM INT,TSP COM INT NG ,TSP COM INT NG,UST112,1
TSP COM INT NG,TSP COM INT NG ,TSP COM INT NG,UST112,1
TSP COM INT NG ,TSP COM INT NG ,TSP COM INT NG,UST112,1
TSP SELF NG ,TSP SELF FAIL,TSP SELF FAIL,UST107,1
TSP IC,TSP COM CMD NG,TSP COM CMD NG,UST115,1
I2C Reads Fail,TSP COM I2C FAIL,TSP COM I2C FAIL,UST110,1
I2C Reads Fail!,TSP COM I2C FAIL,TSP COM I2C FAIL,UST110,1
I2C Read Fail,TSP COM I2C FAIL,TSP COM I2C FAIL,UST110,1
I2C Write Fail!,TSP COM I2C FAIL,TSP COM I2C FAIL,UST110,1
I2C Write Fail,TSP COM I2C FAIL,TSP COM I2C FAIL,UST110,1
ITO FORCE_OPEN FAIL!!,TSP SELF FAIL,TSP SELF FAIL,UST107,1
ITO FORCE_SHRT_FORCE FAIL!!,TSP SELF FAIL,TSP SELF FAIL,UST107,1
ITO FORCE_SHRT_GND FAIL!!,TSP SELF FAIL,TSP SELF FAIL,UST107,1
ITO SENSE_OPEN FAIL!!,TSP SELF FAIL,TSP SELF FAIL,UST107,1
ITO SENSE_SHRT_GND FAIL!!,TSP SELF FAIL,TSP SELF FAIL,UST107,1
ITO SENSE_SHRT_SENSE FAIL!!,TSP SELF FAIL,TSP SELF FAIL,UST107,1
TSP Ghost,TSP GHOST FAIL,TSP GHOST FAIL,UST109,1
MELFAS_CFG WRITE ERROR,TSP COM CMD NG,TSP COM CMD NG,UST115,1
F/W WRITE ERROR,TSP COM CMD NG,TSP COM CMD NG,UST115,1
HSync FAIL 76,TSP COM CMD NG,TSP COM CMD NG,UST115,1
HSync FAIL 36,TSP COM CMD NG,TSP COM CMD NG,UST115,1
HSync FAIL 0,TSP COM CMD NG,TSP COM CMD NG,UST115,1
HSync FAIL,TSP COM CMD NG,TSP COM CMD NG,UST115,1
HSync FAIL 2,TSP COM CMD NG,TSP COM CMD NG,UST115,1
HSync FAIL 6,TSP COM CMD NG,TSP COM CMD NG,UST115,1
HSync FAIL 38,TSP COM CMD NG,TSP COM CMD NG,UST115,1
HSync FAIL 39,TSP COM CMD NG,TSP COM CMD NG,UST115,1
HSync FAIL 41,TSP COM CMD NG,TSP COM CMD NG,UST115,1
HSync FAIL 43,TSP COM CMD NG,TSP COM CMD NG,UST115,1
HSync FAIL 86,TSP COM CMD NG,TSP COM CMD NG,UST115,1
HSync FAIL 79,TSP COM CMD NG,TSP COM CMD NG,UST115,1
TPS IC,TSP COM CMD NG,TSP COM CMD NG,UST115,1
Cypress Suspend Scanning Fail!,TSP COM CMD NG,TSP COM CMD NG,UST115,1
TSP Read ERROR!,TSP COM CMD NG,TSP COM CMD NG,UST115,1
TSP Read Err!,TSP COM CMD NG,TSP COM CMD NG,UST115,1
TSP_SHORT FAIL,TSP COM CMD NG,TSP COM CMD NG,UST115,1
TSP_OPEN &SLOPE &SHORT FAIL,TSP SELF FAIL,TSP SELF FAIL,UST107,1
TSP_OPEN &SLOPE FAIL,TSP SELF FAIL,TSP SELF FAIL,UST107,1
TSP_SLOPE &SHORT FAIL,TSP SELF FAIL,TSP SELF FAIL,UST107,1
TSP_OPEN &SHORT FAIL,TSP SELF FAIL,TSP SELF FAIL,UST107,1
TSP_SLOPE FAIL,TSP SELF FAIL,TSP SELF FAIL,UST107,1
TSP SELF NG,TSP SELF FAIL,TSP SELF FAIL,UST107,1
TSP_OPEN SLOPE FAIL,TSP SELF FAIL,TSP SELF FAIL,UST107,1
TSP HOVER FAIL ,TSP HOVER FAIL,TSP HOVER FAIL,UST108,1
TSP HOVER FAIL,TSP HOVER FAIL,TSP HOVER FAIL,UST108,1
TSP Hover,TSP HOVER FAIL,TSP HOVER FAIL,UST108,1
TSP_HOVER,TSP HOVER FAIL,TSP HOVER FAIL,UST108,1
TSP GHOST FAIL ,TSP GHOST FAIL,TSP GHOST FAIL,UST109,1
TSP GHOST FAIL,TSP GHOST FAIL,TSP GHOST FAIL,UST109,1
TSP GAP ,TSP CM GAP ,TSP CM GAP,UST92,1
TSP CM GAP ,TSP CM GAP ,TSP CM GAP,UST92,1
TSP CB GAP ,TSP CB GAP ,TSP CB GAP,UST101,1
TSP CMA GAP ,TSP CM GAP ,TSP CM GAP,UST92,1
TSP SFR GAP ,TSP CM GAP ,TSP CM GAP,UST92,1
TSP SST GAP ,TSP CM GAP ,TSP CM GAP,UST92,1
TSP GAP,TSP CM GAP ,TSP CM GAP,UST92,1
TSP GAP1,TSP CM GAP ,TSP CM GAP,UST92,1
TSP GAP2,TSP CM GAP ,TSP CM GAP,UST92,1
TSP GPA,TSP CM GAP ,TSP CM GAP,UST92,1
TSP GPB,TSP CM GAP ,TSP CM GAP,UST92,1
TSP CM,TSP CM GAP ,TSP CM GAP,UST92,1
TSP RAT ERROR,TSP CM GAP ,TSP CM GAP,UST92,1
TSP CM GAP1 ,TSP CM GAP ,TSP CM GAP,UST92,1
TSP JIT GAP1 ,TSP CM GAP ,TSP CM GAP,UST92,1
TSP NOH GAP1 ,TSP CM GAP ,TSP CM GAP,UST92,1
TSP NOL GAP1 ,TSP CM GAP ,TSP CM GAP,UST92,1
TSP SEN GAP1 ,TSP CM GAP ,TSP CM GAP,UST92,1
TSP CMS GAP1 ,TSP CM GAP ,TSP CM GAP,UST92,1
TSP CMR GAP1 ,TSP CM GAP ,TSP CM GAP,UST92,1
TSP CS GAP1 ,TSP CM GAP ,TSP CM GAP,UST92,1
TSP CSR GAP1 ,TSP CM GAP ,TSP CM GAP,UST92,1
TSP CM GAP2 ,TSP CM GAP ,TSP CM GAP,UST92,1
TSP JIT GAP2 ,TSP CM GAP ,TSP CM GAP,UST92,1
TSP NOH GAP2 ,TSP CM GAP ,TSP CM GAP,UST92,1
TSP NOL GAP2 ,TSP CM GAP ,TSP CM GAP,UST92,1
TSP SEN GAP2 ,TSP CM GAP ,TSP CM GAP,UST92,1
TSP CMS GAP2 ,TSP CM GAP ,TSP CM GAP,UST92,1
TSP CMR GAP2 ,TSP CM GAP ,TSP CM GAP,UST92,1
TSP CS GAP2 ,TSP CM GAP ,TSP CM GAP,UST92,1
TSP CSR GAP2 ,TSP CM GAP ,TSP CM GAP,UST92,1
TSP CM GAP,TSP CM GAP ,TSP CM GAP,UST92,1
TSP CB GAP,TSP CB GAP ,TSP CB GAP,UST101,1
TSP CMA GAP,TSP CM GAP ,TSP CM GAP,UST92,1
TSP SFR GAP,TSP CM GAP ,TSP CM GAP,UST92,1
TSP SST GAP,TSP CM GAP ,TSP CM GAP,UST92,1
TSP CM JITTER ,TSP CM JITTER ,TSP CM JITTER,UST97,1
TSP Delta,TSP CM JITTER ,TSP CM JITTER,UST97,1
TSP Jitter,TSP CM JITTER ,TSP CM JITTER,UST97,1
TSP Del Limit Error,TSP CM JITTER ,TSP CM JITTER,UST97,1
TSP DEL,TSP CM JITTER ,TSP CM JITTER,UST97,1
TSP JITTER ERROR,TSP CM JITTER ,TSP CM JITTER,UST97,1
TSP CM JITTER,TSP CM JITTER ,TSP CM JITTER,UST97,1
TSP COM VERSION NGSION,TSP COM VERSION NG,TSP COM VERSION NG,UST111,1
TSP COM VERSION NGSION ,TSP COM VERSION NG,TSP COM VERSION NG,UST111,1
TSP COM VERSION NGSION NG,TSP COM VERSION NG,TSP COM VERSION NG,UST111,1
TSP COM VERSION NGSION NG ,TSP COM VERSION NG,TSP COM VERSION NG,UST111,1
TSP COM TIMEOUT ,TSP COM TIMEOUT,TSP COM TIMEOUT,UST114,1
TSP COM TIMEOUT,TSP COM TIMEOUT,TSP COM TIMEOUT,UST114,1
TSP COM RESET NG ,TSP COM RESET NG,TSP COM RESET NG,UST113,1
TSP COM RESET NG,TSP COM RESET NG,TSP COM RESET NG,UST113,1
TSP COM INT NG NG,TSP COM INT NG,TSP COM INT NG,UST112,1
TSP COM INT NG NG ,TSP COM INT NG,TSP COM INT NG,UST112,1
TSP COM I2C FAIL ,TSP COM I2C FAIL,TSP COM I2C FAIL,UST110,1
TSP COM I2C FAIL,TSP COM I2C FAIL,TSP COM I2C FAIL,UST110,1
TSP COM CMD ,TSP COM CMD NG,TSP COM CMD NG,UST115,1
TSP COM CMD,TSP COM CMD NG,TSP COM CMD NG,UST115,1
T-CNT PIN,TSP CNT PIN Fail,TSP CNT PIN Fail,USF20,1
TSP CM SET ,TSP CM SET,TSP CM SET,UST96,1
TSP CM SET,TSP CM SET,TSP CM SET,UST96,1
TSP CM RAW OVER ,TSP CM OVER,TSP CM OVER,UST90,1
TSP CM RAW OVER,TSP CM OVER,TSP CM OVER,UST90,1
TSP CM RAW BAND ,TSP CM OVER,TSP CM OVER,UST90,1
TSP CM RAW BAND,TSP CM OVER,TSP CM OVER,UST90,1
TSP CM OVER,TSP CM OVER,TSP CM OVER,UST90,1
TSP CM OPEN,TSP CM OPEN,TSP CM OPEN,UST89,1
TSP CM CORNER ,TSP CM CORNER ,TSP CM CORNER,UST82,1
TSP CM CORNER,TSP CM CORNER,TSP CM CORNER,UST82,1
TSP CM BAND,TSP CM BAND,TSP CM BAND,UST91,1
TSP CM ALL,TSP CM ALL,TSP CM ALL,UST94,1
TSP CB Tx Min-Max,TSP CB Tx Min-Max,TSP CB Tx Min-Max,UST18,1
TSP CB SET ,TSP CB SET,TSP CB SET,UST105,1
TSP CB SET,TSP CB SET,TSP CB SET,UST105,1
TSP CB OVER ,TSP CB OVER ,TSP CB OVER,UST99,1
TSP CB RAW OVER ,TSP CB OVER ,TSP CB OVER,UST99,1
TSP CB Rx Over,TSP CB OVER ,TSP CB OVER,UST99,1
TSP Over(CB Rx Over),TSP CB OVER ,TSP CB OVER,UST99,1
TSP RXR OVER,TSP CB OVER ,TSP CB OVER,UST99,1
TSP CB,TSP CB Over,TSP CB Over,UST05,1
TSP IXR OVER,TSP CB OVER ,TSP CB OVER,UST99,1
TSP Over(CB Tx Over),TSP CB OVER ,TSP CB OVER,UST99,1
TSP TXR OVER,TSP CB OVER ,TSP CB OVER,UST99,1
TSP IXT OVER,TSP CB OVER ,TSP CB OVER,UST99,1
TSP WTR OVER,TSP CB OVER ,TSP CB OVER,UST99,1
TSP WRR OVER,TSP CB OVER ,TSP CB OVER,UST99,1
TSP WIXT OVER,TSP CB OVER ,TSP CB OVER,UST99,1
TSP JIT OVER ,TSP CB JITTER ,TSP CB JITTER,UST106,1
TSP NOH OVER ,TSP CB OVER ,TSP CB OVER,UST99,1
TSP NOL OVER ,TSP CB OVER ,TSP CB OVER,UST99,1
TSP SEN OVER ,TSP CB OVER ,TSP CB OVER,UST99,1
TSP CS OVER ,TSP CB OVER ,TSP CB OVER,UST99,1
TSP CSR OVER ,TSP CB OVER ,TSP CB OVER,UST99,1
TSP CB OVER,TSP CB OVER ,TSP CB OVER,UST99,1
TSP CB RAW OVER,TSP CB OVER ,TSP CB OVER,UST99,1
TSP CB OPEN ,TSP CB OPEN ,TSP CB OPEN,UST98,1
TSP CS RAW OPEN ,TSP CB OPEN ,TSP CB OPEN,UST98,1
TSP CS AMBIENT OPEN ,TSP CB OPEN ,TSP CB OPEN,UST98,1
TSP CB Rx Open,TSP CB OPEN ,TSP CB OPEN,UST98,1
TSP Open(CB Rx Open),TSP CB OPEN ,TSP CB OPEN,UST98,1
TSP CB(RX,TSP CB OPEN ,TSP CB OPEN,UST98,1
TSP RXR OPEN,TSP CB OPEN ,TSP CB OPEN,UST98,1
TSP IXR OPEN,TSP CB OPEN ,TSP CB OPEN,UST98,1
TSP Open(CB Tx Open),TSP CB OPEN ,TSP CB OPEN,UST98,1
TSP CB(TX,TSP CB OPEN ,TSP CB OPEN,UST98,1
TSP TXR OPEN,TSP CB OPEN ,TSP CB OPEN,UST98,1
TSP IXT OPEN,TSP CB OPEN ,TSP CB OPEN,UST98,1
TSP CB OPEN,TSP CB OPEN ,TSP CB OPEN,UST98,1
TSP CS RAW OPEN,TSP CB OPEN ,TSP CB OPEN,UST98,1
TSP CS AMBIENT OPEN,TSP CB OPEN ,TSP CB OPEN,UST98,1
TSP CB Rx Min-Max,TSP CB M-M,TSP CB M-M,UST102,1
TSP M-M(CB Rx Max-Min),TSP CB M-M,TSP CB M-M,UST102,1
TSP CB Rx Max-Min,TSP CB M-M,TSP CB M-M,UST102,1
TSP M-M(CB Tx Max-Min),TSP CB M-M,TSP CB M-M,UST102,1
TSP CB Tx Max-Min,TSP CB M-M,TSP CB M-M,UST102,1
TSP WTR OPEN,TSP CB OPEN ,TSP CB OPEN,UST98,1
TSP WRR OPEN,TSP CB OPEN ,TSP CB OPEN,UST98,1
TSP WIXT OPEN,TSP CB OPEN ,TSP CB OPEN,UST98,1
TSP CX2 M/M,TSP CB M-M,TSP CB M-M,UST102,1
TSP JIT M/M ,TSP CM JITTER,TSP CM JITTER,UST97,1
TSP NOH M/M ,TSP CM M-M,TSP CM M-M,UST93,1
TSP NOL M/M ,TSP CM M-M,TSP CM M-M,UST93,1
TSP SEN M/M ,TSP CM M-M,TSP CM M-M,UST93,1
TSP CMS M/M ,TSP CM M-M,TSP CM M-M,UST93,1
TSP CMR M/M ,TSP CM M-M,TSP CM M-M,UST93,1
TSP CS M/M ,TSP CM M-M,TSP CM M-M,UST93,1
TSP CSR M/M ,TSP CM M-M,TSP CM M-M,UST93,1
TSP CB M-M,TSP CB M-M,TSP CB M-M,UST102,1
TSP CB M-M ,TSP CB M-M,TSP CB M-M,UST102,1
TSP CB Jitter,TSP CB JITTER,TSP CB JITTER,UST106,1
STM MUTUAL JITTER Fail!,TSP CB JITTER,TSP CB JITTER,UST106,1
TSP CB JITTER ,TSP CB JITTER,TSP CB JITTER,UST106,1
TSP CB CORNER ,TSP CB CORNER ,TSP CB CORNER,UST104,1
TSP CB CORNER,TSP CB CORNER,TSP CB CORNER,UST104,1
TSP CB BAND ,TSP CB BAND,TSP CB BAND,UST100,1
TSP CB BAND,TSP CB BAND,TSP CB BAND,UST100,1
TSP CB ALL ,TSP CB ALL,TSP CB ALL,UST103,1
TSP CB ALL,TSP CB ALL,TSP CB ALL,UST103,1
TSP Band,TSP CM BAND,TSP CM BAND,UST91,1
TSP REF BAND,TSP CM BAND,TSP CM BAND,UST91,1
TSP_REF_BAND_ERROR,TSP CM BAND,TSP CM BAND,UST91,1
BAND ERROR,TSP CM BAND,TSP CM BAND,UST91,1
TSP RAW BAND,TSP CM BAND,TSP CM BAND,UST91,1
TSP CX2 BAND,TSP CM BAND,TSP CM BAND,UST91,1
TSP CM BAND ,TSP CM BAND,TSP CM BAND,UST91,1
TSP JIT BAND ,TSP CM JITTER,TSP CM JITTER,UST97,1
TSP NOH BAND ,TSP CM BAND,TSP CM BAND,UST91,1
TSP NOL BAND ,TSP CM BAND,TSP CM BAND,UST91,1
TSP SEN BAND ,TSP CM BAND,TSP CM BAND,UST91,1
TSP CMS BAND ,TSP CM BAND,TSP CM BAND,UST91,1
TSP CMR BAND ,TSP CM BAND,TSP CM BAND,UST91,1
TSP CS BAND ,TSP CM BAND,TSP CM BAND,UST91,1
TSP CSR BAND ,TSP CM BAND,TSP CM BAND,UST91,1
TSPÀÌ¹°,TSP Alien,TSP Alien,UST04,1
T-FPC µé¶ä,T-FPC µé¶ä,T-FPC µé¶ä,USA16,1
TFPC ¿Ü°ü±âÅ¸,TFPC Others,TFPC Others,UST26,1
TFPC Âõ¾îÁü,TFPC is torn,TFPC is torn,UST25,1
SPIN,Spin Stain,Spin Stain,USU08,1
Spin Stain,Spin Stain,Spin Stain,USU08,1
FAB)SPIN ¾ó·è,Spin Stain,Spin Stain,USU08,1
SPEAKER ºÒ·®,Speaker Badness,Speaker Badness,USF19,1
¼ÒºñÀü·ùSLEEP,Sleep Mode Current,Sleep Mode Current,USF17,1
Sleep i_bat OVER,SLEEP CURRENT NG,Sleep Mode Current,USF17,1
SLEEP_CURRENT_NG,SLEEP CURRENT NG,Sleep Mode Current,USF17,1
Sleep i_bat Current,SLEEP CURRENT NG,Sleep Mode Current,USF17,1
Sleep Mode Current,SLEEP CURRENT NG,Sleep Mode Current,USF17,1
Sleep i_ddi OVER,SLEEP CURRENT NG,Sleep Mode Current,USF17,1
Sleep i_vci OVER,SLEEP CURRENT NG,Sleep Mode Current,USF17,1
SIDE FAIL ,SIDE FAIL,SIDE FAIL,UST121,1
SIDE FAIL,SIDE FAIL,SIDE FAIL,UST121,1
¿Ü°üÄ¡¼ö,SFC Size,SFC Size,USA11,1
FAB)SCAN Àü·ù,Scan Current,Scan Current,USU02,1
REDDISH,REDWISH,REDWISH,USU29,1
FAB)RED WAD,RED WAD,RED WAD,USU10,1
RED DOT OFF,RED OFF,Red Dot Off,USD10,1
RED OFF,RED OFF,Red Dot Off,USD10,1
GRAY ºÒ·®,R)OLB ACF attaching miss,R)OLB ACF attaching miss,USF35,1
º¸È£Film Cutting,Ptt Film Cutting,Ptt Film Cutting,USS20,1
(FAB)º¸È£FilmÀÌ»ó,Protection Miss Attach(FAB),Protection Miss Attach(FAB),USS19,1
POL³«ÇÏ,POL³«ÇÏ,POL³«ÇÏ,USP02,1
POL ¼³ºñ ÂïÈû,POL ¼³ºñ ÂïÈû,POL ¼³ºñ ÂïÈû,USL12,1
POL º¯»ö,POL º¯»ö,POL º¯»ö,USP18,1
POL Spear,POL Spear,POL Spear,USP04,1
POLÂïÈû,POL Spear,POL Spear,USP04,1
POL Sinking,POL Sinking,POL Sinking,USP10,1
POL´­¸²,POL Sinking,POL Sinking,USP10,1
POL SCRATCH,POL Scratch,POL Scratch,USP03,1
POL S/C,POL Scratch,POL Scratch,USP03,1
POL¹Ú¸®,POL Ptt,POL Ptt,USP12,1
POL ¹ÌºÎÂø,POL Not Attach,POL Not Attach,USP16,1
POL-MISALIGN,POL Misalign,POL Misalign,USP06,1
POL MCR MARKÝÕ,POL MCR MARKÝÕ,POL MCR MARKÝÕ,USP08,1
POL Edge Cover,POL Edge Cover,POL Edge Cover,USP07,1
POLÅ½,POL Edge Cover,POL Edge Cover,USP07,1
POL Come Off,POL Come Off,POL Come Off,USP05,1
POLµé¶ä,POL Come Off,POL Come Off,USP05,1
POL Bubble,POL BUBBLE,POL Bubble,USP11,1
POL Bubble_F,POL BUBBLE,POL Bubble,USP11,1
POL±âÆ÷,POL Bubble,POL Bubble,USP11,1
POL90,POL Alien,POL Alien,USP01,1
IMPURITY(NO E(RJ)),POL Alien,POL Alien,USP01,1
IMPURITY HIGH,POL Alien,POL Alien,USP01,1
POL Imul,POL Alien,POL Alien,USP01,1
POL DEFECT,POL Alien,POL Alien,USP01,1
POL Alien,POL Alien,POL Alien,USP01,1
POLÀÌ¹°,POL Alien,POL Alien,USP01,1
Panel ¿Ü°ü±âÅ¸,Panel ¿Ü°ü±âÅ¸,Panel ¿Ü°ü±âÅ¸,USS26,1
(FAB)PANEL Ç¥¸éÀÌ»ó,PANEL Surface Abnormal(FAB),PANEL Surface Abnormal(FAB),USS10,1
FAB)PANEL¾ó·è±âÅ¸,Panel Stain Others,Panel Stain Others,USU19,1
PANEL´­¸²,Panel Sinking,Panel Sinking,USS21,1
Detachment,Panel Seperation,Panel Seperation,USS01,1
Panel Seperation,Panel Seperation,Panel Seperation,USS01,1
¹Ú¸®,Panel Seperation,Panel Seperation,USS01,1
(FAB)PANEL±¸°ÜÁü,PANEL Crumple(FAB),PANEL Crumple(FAB),USS22,1
Paenl PF ¹Ú¸®,Paenl PF ¹Ú¸®,Paenl PF ¹Ú¸®,USW19,1
OM,Open Mask,Open Mask,USU03,1
Open Mask,Open Mask,Open Mask,USU03,1
OLB Bonding ºÒ·®,OLB Bonding ºÒ·®,OLB Bonding ºÒ·®,USF40,1
OLB ACF ºÎÂø ºÒ·®,OLB ACF ºÎÂø ºÒ·®,OLB ACF ºÎÂø ºÒ·®,USF37,1
DIAGONAL,OL Stain,OL Stain,USU17,1
HE DIAGONAL LINE,OL Stain,OL Stain,USU17,1
Oblique Line Spot,OL Stain,OL Stain,USU17,1
FAB)»ç¼±¾ó·è,OL Stain,OL Stain,USU17,1
ABSOLUTE OFF,Off Dot Over,Off Dot Over,USD07,1
OFF DOT MULTITUDE,Off Dot Over,Off Dot Over,USD07,1
OFF DOT,Off Dot Over,Off Dot Over,USD07,1
OFF ETC,Off Dot Over,Off Dot Over,USD07,1
ETC DARK,Off Dot Over,Off Dot Over,USD07,1
OFF OVER 2,Off Dot Over,Off Dot Over,USD07,1
OFF MULTITUDE,Off Dot Over,Off Dot Over,USD07,1
MULTITUDE,Off Dot Over,Off Dot Over,USD07,1
OFF OVER,Off Dot Over,Off Dot Over,USD07,1
OFF DOT OVER,Off Dot Over,Off Dot Over,USD07,1
FAB)OFF OVER,Off Dot Over,Off Dot Over,USD07,1
OFF NEAR DOT,Off Dot Neraing,Off Dot Neraing,USD09,1
OFF DOT NERAING,Off Dot Neraing,Off Dot Neraing,USD09,1
FAB)OFF ±ÙÁ¢,Off Dot Neraing,Off Dot Neraing,USD09,1
OFF CONTIGUITY,Off Dot Contigaity,Off Dot Contigaity,USD08,1
Off Dot Contigaity,Off Dot Contigaity,Off Dot Contigaity,USD08,1
OFF ÀÎÁ¢,Off Dot Contigaity,Off Dot Contigaity,USD08,1
FAB)OFF ÀÎÁ¢,Off Dot Contigaity,Off Dot Contigaity,USD08,1
OCA ¶â±è,OCA ¶â±è,OCA ¶â±è,USW23,1
OCA Tilt,OCA Tilt,OCA Tilt,USW20,1
Noise,Noise,Noise,USO07,1
´ºÅÏ¸µ,Newton Ring,Newton Ring,USS02,1
MTP»öÁÂÇ¥,MTP XY,MTP XY,USF04,1
MTP Time Over,MTP Time Over,MTP Time Over,USF08,1
MTP FAIL,MTP Time Over,MTP Time Over,USF08,1
Shift Target_V48_ERROR,MTP Time Over,MTP Time Over,USF08,1
EEPROM Write ERROR,Vision Error,Vision Error,USU34,1
MTP Fail(FAB),MTP Time Over,MTP Time Over,USF08,1
MTP OPTION SKIP,MTP Time Over,MTP Time Over,USF08,1
DIM OFFS OVER,MTP Time Over,MTP Time Over,USF08,1
Each Cell Driving Voltage Cal. Error,MTP Time Over,MTP Time Over,USF08,1
MTP»ö¿Âµµ,MTP T Color,MTP T Color,USF10,1
Tcolor Spec Over,MTP T Color,MTP T Color,USF10,1
MPCD,MTP MPCD,MTP MPCD,USF11,1
MTP MPCD,MTP MPCD,MTP MPCD,USF11,1
MTPÀúÈÖµµ,MTP LOW Gray LM,MTP LOW Gray LM,USF09,1
1 Step COORD. Lowgray ERROR,MTP LOW Gray LM,MTP LOW Gray LM,USF09,1
MTPÈÖµµ,MTP LM,MTP LM,USF03,1
MTP_MID_Br,MTP LM,MTP LM,USF03,1
MTP_MID_Br15_MTP_Err,MTP LM,MTP LM,USF03,1
MTP_MID_Br23_MTP_Err,MTP LM,MTP LM,USF03,1
MTP_MID_Br35_MTP_Err,MTP LM,MTP LM,USF03,1
MTP_MID_Br51_MTP_Err,MTP LM,MTP LM,USF03,1
MTP_MID_Br87_MTP_Err,MTP LM,MTP LM,USF03,1
MTP_MID_Br151_MTP_Err,MTP LM,MTP LM,USF03,1
MTP_MID_Br203_MTP_Err,MTP LM,MTP LM,USF03,1
MTP_MID_Br255_MTP_Err,MTP LM,MTP LM,USF03,1
MTP_MID_Br03_MTP_Err,MTP LM,MTP LM,USF03,1
MTP_MID_Br7_MTP_Err,MTP LM,MTP LM,USF03,1
HBM Spec Over,MTP LM,MTP LM,USF03,1
White Balance,MTP LM,MTP LM,USF03,1
HBM L Spec Over,MTP LM,MTP LM,USF03,1
L Spec Over,MTP LM,MTP LM,USF03,1
White Brightness,MTP LM,MTP LM,USF03,1
L     Spec Over,MTP LM,MTP LM,USF03,1
BEF_LUMI_SPEC_OVER,MTP LM,MTP LM,USF03,1
BEF_LUMI_SPEC_UNDER,MTP LM,MTP LM,USF03,1
NDIM 1 Step Spec Over,MTP LM,MTP LM,USF03,1
NDIM 1 step Spec Over,MTP LM,MTP LM,USF03,1
MTP DIFF,MTP ID NG,MTP ID NG,USF07,1
ID_CHECK_NG,MTP DIFF,MTP ID NG,USF07,1
MTP_ID NG,MTP DIFF,MTP ID NG,USF07,1
MTP°úÀü·ù,MTP Current,MTP Current,USF05,1
MTP_255G_IBAT_ERROR,MTP Current,MTP Current,USF05,1
MTP_255G_IBAT_ERROR.,MTP Current,MTP Current,USF05,1
MTP¼±Çü¼º,MTP CORD,MTP CORD,USF06,1
SAID 1 step Spec Over,MTP CORD,MTP CORD,USF06,1
SAID 2 step Spec Over,MTP CORD,MTP CORD,USF06,1
SAID 3 step Spec Over,MTP CORD,MTP CORD,USF06,1
SAID 1Step Spec Over,MTP CORD,MTP CORD,USF06,1
SAID 2Step Spec Over,MTP CORD,MTP CORD,USF06,1
SAID 3Step Spec Over,MTP CORD,MTP CORD,USF06,1
White Color Coordinates,MTP CORD,MTP CORD,USF06,1
HBM_255_48_ERROR,MTP CORD,MTP CORD,USF06,1
COORD.V48 Error,MTP CORD,MTP CORD,USF06,1
3 Step COORD. lowgray ERROR,MTP CORD,MTP CORD,USF06,1
UB Shrinkage,MT)UB Shrinkage,MT)UB Shrinkage,USS23,1
TFEÅ»¸·,MT)TFE Ptt,MT)TFE Ptt,USS08,1
Pad Shrinkage,MT)Pad Shrinkage,MT)Pad Shrinkage,USS30,1
±¸µ¿¾ÈµÊ,MT)No Display,MT)No Display,USF02,1
TE_CHECK NG,MT)¡¾¢¬¥ì¢¯¨úE¥ìE,MT)No Display,USF02,1
(FAB)»óºÎµ¹±â,MN Missing(FAB),MN Missing(FAB),USS14,1
MCD ºÒ·®,MCD ºÒ·®,MCD ºÒ·®,USU30,1
MASK,Mask Stain Other,Mask Stain Other,USU06,1
MASK STAIN OTHER,Mask Stain Other,Mask Stain Other,USU06,1
FAB)MASK¾ó·è±âÅ¸,Mask Stain Other,Mask Stain Other,USU06,1
Mask Alien,Mask Alien,Mask Alien,USU05,1
M-CNT PIN,MAIN Connector Pin Fail,MAIN Connector Pin Fail,USF31,1
M-CNT MOLD,MAIN CNT MOLD Fail,MAIN CNT MOLD Fail,USF32,1
ÇÏºÎµ¹±â,Lower Rising,Lower Rising,USS18,1
ÇÏºÎÀÌ¹°,Lower Particle,Lower Particle,USS16,1
(FAB)ÇÏºÎ±âÆ÷,Lower Bubble(FAB),Lower Bubble(FAB),USS15,1
FAB)B-Spot,Low Gradation Spot,Low Gradation Spot,USU25,1
FAB)Àú°èÁ¶ HIGH,Low gradation HIGH,Low gradation HIGH,USD15,1
LOW OVER,Low Dot Off,Low Dot Off,USD13,1
Low Dot Off,Low Dot Off,Low Dot Off,USD13,1
Lot marking ¹ÌÀÎ¼â,Lot marking no print,Lot marking no print,USA22,1
Lot marking ¿ÀÀÎ¼â,Lot marking miss printed,Lot marking miss printed,USA23,1
LOT MARKING ºÒ·®,LOT MARKING FAIL,LOT MARKING FAIL,USA20,1
LINE MULTITUDE,Line Others,Line Others,USL09,1
MOSAIC,Line Others,Line Others,USL09,1
Line Others,Line Others,Line Others,USL09,1
Mask_Rib,Line Others,Line Others,USL09,1
FAB)LINE±âÅ¸,Line Others,Line Others,USL09,1
Lami¼³ºñ ÂïÈû,Lami¼³ºñ ÂïÈû,Lami¼³ºñ ÂïÈû,USW18,1
OCA ´­¸²,Lami ´­¸²,Lami ´­¸²,USW21,1
Lami±âÅ¸,Lami Others,Lami Others,USW15,1
Lami±âÆ÷,Lami Bubble,Lami Bubble,USW12,1
Lami A/M,Lami A/M ,Lami A/M ,USW14,1
GBD,IC Block Defect,IC Block Defect,USO06,1
GATE BLOCK MACRO,IC Block Defect,IC Block Defect,USO06,1
IC Block Defect,IC Block Defect,IC Block Defect,USO06,1
IC BLOCK,IC Block Defect,IC Block Defect,USO06,1
i_vci OVER,i_vci Current,i_vci Current,USF14,1
i_ddi Current,i_ddi OVER,i_ddi Current,USF16,1
i_ddi OVER,i_ddi Current,i_ddi Current,USF16,1
WHITE CURRENT NG,i_bat OVER,i_bat Current,USF15,1
i_bat Current,i_bat OVER,i_bat Current,USF15,1
SYSTEM ERROR,i_bat OVER,i_bat Current,USF15,1
SYSTEM_ERROR,i_bat OVER,i_bat Current,USF15,1
WHITE_CURRENT_NG,i_bat Current,i_bat Current,USF15,1
White Current,i_bat Current,i_bat Current,USF15,1
i_bat OVER,i_bat Current,i_bat Current,USF15,1
GATE DEFECT MACRO,Horizontal Line,Horizontal Line,USO01,1
Gate Defect Macro2,Horizontal Line,Horizontal Line,USO01,1
°¡·Î¼±,Horizontal Line,Horizontal Line,USO01,1
HORIZONTAL STAIN,HL Stain,HL Stain,USU15,1
FINE LINE,HL Stain,HL Stain,USU15,1
HORIZONTAL ETC,HL Stain,HL Stain,USU15,1
HE HORIZONTAL LINE,HL Stain,HL Stain,USU15,1
Horizontal Line Spot,HL Stain,HL Stain,USU15,1
FAB)°¡·ÎÁÙ¾ó·è,HL Stain,HL Stain,USU15,1
H-O CONTIGUITY,High Off Contigaity,High Off Contigaity,USD06,1
High Off Contigaity,High Off Contigaity,High Off Contigaity,USD06,1
H-O ÀÎÁ¢,High Off Contigaity,High Off Contigaity,USD06,1
FAB)H-O ÀÎÁ¢,High Off Contigaity,High Off Contigaity,USD06,1
ABSOLUTE HIGH,High Dot Over,High Dot Over,USD01,1
HIGH CONTIGUITY,High Dot Over,High Dot Over,USD01,1
HIGH DOT MULTITUDE,High Dot Over,High Dot Over,USD01,1
HIGH DOT,High Dot Over,High Dot Over,USD01,1
LOW HIGH,High Dot Over,High Dot Over,USD01,1
HIGH ETC,High Dot Over,High Dot Over,USD01,1
ETC HIGH,High Dot Over,High Dot Over,USD01,1
HIGH MULTITUDE,High Dot Over,High Dot Over,USD01,1
HIGH OVER 2,High Dot Over,High Dot Over,USD01,1
High Dot Over,High Dot Over,High Dot Over,USD01,1
HIGH OVER,High Dot Over,High Dot Over,USD01,1
FAB)HIGH OVER,High Dot Over,High Dot Over,USD01,1
FAB)GREEN WAD,GREEN WAD,GREEN WAD,USU12,1
GREEN OFF,GREEN OFF ,Green Dot Off ,USD11,1
Green Dot Off,GREEN OFF ,Green Dot Off ,USD11,1
GATE OPEN,G-Open,G-Open,USL05,1
G-OPEN,G-Open,G-Open,USL05,1
FAB)G-OPEN,G-Open,G-Open,USL05,1
Horizontal Line,Horizontal Line,Horizontal Line,USO01,1
CG SHORT,G-DEFECT,G-Defect,USL07,1
G-Defect,G-DEFECT,G-Defect,USL07,1
GATE LINE HIGH,G-DEFECT,G-Defect,USL07,1
C/G SHORT,G-DEFECT,G-Defect,USL07,1
GFO,G-DEFECT,G-Defect,USL07,1
GATE DEFECT,G-DEFECT,G-Defect,USL07,1
GATE LINE HIGH(DARK),G-DEFECT,G-Defect,USL07,1
FAB)G-DEFECT,G-Defect,G-Defect,USL07,1
FAB)G/D SHORT,G/D Short,G/D Short,USL02,1
SHRINKAGE,FT)UB Shrinkage,FT)UB Shrinkage,USS27,1
UB Shrinkage_M,FT)UB Shrinkage,FT)UB Shrinkage,USS27,1
TFE Å»¸·_M,FT)TFE Ptt,FT)TFE Ptt,USS28,1
DFO,FT)S-Vertical Line,FT)S-Vertical Line,USO16,1
ELA THIN VER,FT)S-Vertical Line,FT)S-Vertical Line,USO16,1
VERTICAL LINE,FT)S-Vertical Line,FT)S-Vertical Line,USO16,1
DATA DEFECT,FT)S-Vertical Line,FT)S-Vertical Line,USO16,1
DATA DEFECT MACRO,FT)S-Vertical Line,FT)S-Vertical Line,USO16,1
DATA LINE HIGH,FT)S-Vertical Line,FT)S-Vertical Line,USO16,1
DATA LINE OFF,FT)S-Vertical Line,FT)S-Vertical Line,USO16,1
S-¼¼·Î¼±,FT)S-Vertical Line,FT)S-Vertical Line,USO16,1
O-¼¼·Î¼±,FT)O-Vertical Line,FT)O-Vertical Line,USO17,1
NO DISPLAY,FT)No Display,FT)No Display,USF44,1
Non_Display_AFT_ELVSS,FT)No Display,FT)No Display,USF44,1
UNDEFINED,FT)No Display,FT)No Display,USF44,1
CELL_LOADING,FT)No Display,FT)No Display,USF44,1
FT)No Display,FT)No Display,FT)No Display,USF44,1
IMPURITY,FT)LamiÀÌ¹°,FT)Lami Alien,USW13,1
LamiÀÌ¹°,FT)Lami Alien,FT)Lami Alien,USW13,1
BLOCK DEFECT,FT)Abnormal Display,FT)Abnormal Display,USF43,1
BM BAD,FT)Abnormal Display,FT)Abnormal Display,USF43,1
GRAY DEFECT,FT)Abnormal Display,FT)Abnormal Display,USF43,1
GRAY OMIT,FT)Abnormal Display,FT)Abnormal Display,USF43,1
ABNORMAL DISPLAY,FT)Abnormal Display,FT)Abnormal Display,USF43,1
N/A,FT)Abnormal Display,FT)Abnormal Display,USF43,1
PTNDISPLAY,FT)Abnormal Display,FT)Abnormal Display,USF43,1
PTNDISPLAY2,FT)Abnormal Display,FT)Abnormal Display,USF43,1
PtnDisplayºÒ·®,FT)Abnormal Display,FT)Abnormal Display,USF43,1
È­¸éÀÌ»ó,FT)Abnormal Display,FT)Abnormal Display,USF43,1
FT ³«ÇÏ,FT ³«ÇÏ,FT ³«ÇÏ,USO10,1
FT MCR Mark ÝÕ,FT MCR Mark ÝÕ,FT MCR Mark ÝÕ,USO13,1
FPC ºñÄ§,FPC ºñÄ§,FPC ºñÄ§,USC07,1
FPC µé¶ä,FPC µé¶ä,FPC µé¶ä,USA17,1
FPC Tilt,FPC Tilt,FPC Tilt,USA01,1
FPCÂïÈû,FPC Spear,FPC Spear,USF24,1
FPC S/C,FPC S/C,FPC S/C,USF25,1
FPCÂõ¾îÁü,FPC RIP,FPC RIP,USF26,1
FPCºÎÇ°ÀÌ»ó,FPC Part,FPC Part,USF28,1
FPC¿Ü°ü±âÅ¸,FPC Others,FPC Others,USF29,1
FPC ¿øÀÚÀç,FPC Material,FPC Material,USF34,1
FPC±¸°ÜÁü,FPC Crumple,FPC Crumple,USF27,1
FORCE TOUCH FAIL ,FORCE TOUCH FAIL,FORCE TOUCH FAIL,UST137,1
FORCE TOUCH FAIL,FORCE TOUCH FAIL,FORCE TOUCH FAIL,UST137,1
FORCE SELF FAIL ,FORCE SELF FAIL,FORCE SELF FAIL,UST136,1
FORCE SELF FAIL,FORCE SELF FAIL,FORCE SELF FAIL,UST136,1
FORCE CM OVER ,FORCE CM OVER,FORCE CM OVER,UST130,1
FORCE CM OVER,FORCE CM OVER,FORCE CM OVER,UST130,1
FORCE CM OPEN ,FORCE CM OPEN,FORCE CM OPEN,UST129,1
FORCE CM OPEN,FORCE CM OPEN,FORCE CM OPEN,UST129,1
FORCE CM M-M ,FORCE CM M-M,FORCE CM M-M,UST133,1
FORCE CM M-M,FORCE CM M-M,FORCE CM M-M,UST133,1
FORCE CM JITTER ,FORCE CM JITTER,FORCE CM JITTER,UST135,1
FORCE CM JITTER,FORCE CM JITTER,FORCE CM JITTER,UST135,1
FORCE CM GAP ,FORCE CM GAP,FORCE CM GAP,UST132,1
FORCE CM GAP,FORCE CM GAP,FORCE CM GAP,UST132,1
FORCE CM BAND ,FORCE CM BAND,FORCE CM BAND,UST131,1
FORCE CM BAND,FORCE CM BAND,FORCE CM BAND,UST131,1
FORCE CM ALL ,FORCE CM ALL,FORCE CM ALL,UST134,1
FORCE CM ALL,FORCE CM ALL,FORCE CM ALL,UST134,1
FORCE CB OVER ,FORCE CB OVER,FORCE CB OVER,UST123,1
FORCE CB OVER,FORCE CB OVER,FORCE CB OVER,UST123,1
FORCE CB OPEN ,FORCE CB OPEN,FORCE CB OPEN,UST122,1
FORCE CB OPEN,FORCE CB OPEN,FORCE CB OPEN,UST122,1
FORCE CB M-M ,FORCE CB M-M,FORCE CB M-M,UST126,1
FORCE CB M-M,FORCE CB M-M,FORCE CB M-M,UST126,1
FORCE CB JITTER ,FORCE CB JITTER,FORCE CB JITTER,UST128,1
FORCE CB JITTER,FORCE CB JITTER,FORCE CB JITTER,UST128,1
FORCE CB GAP ,FORCE CB GAP,FORCE CB GAP,UST125,1
FORCE CB GAP,FORCE CB GAP,FORCE CB GAP,UST125,1
FORCE CB BAND ,FORCE CB BAND,FORCE CB BAND,UST124,1
FORCE CB BAND,FORCE CB BAND,FORCE CB BAND,UST124,1
FORCE CB ALL ,FORCE CB ALL,FORCE CB ALL,UST127,1
FORCE CB ALL,FORCE CB ALL,FORCE CB ALL,UST127,1
FOF Bonding ºÒ·®,FOF Bonding ºÒ·®,FOF Bonding ºÒ·®,USF41,1
FOF ACF ºÎÂø ºÒ·®,FOF ACF ºÎÂø ºÒ·®,FOF ACF ºÎÂø ºÒ·®,USF38,1
Flicker,FLICKER,Flicker,USF13,1
È­¸é¶³¸²,Flicker,Flicker,USO08,1
FM,Fine Matal Mask,Fine Matal Mask,USU04,1
Fine Matal Mask,Fine Matal Mask,Fine Matal Mask,USU04,1
MTP_MID_Br11_MTP_Err,MTP LM,MTP LM,USF03,1
E-¼¼·Î¼±,E-Vertical Line,E-Vertical Line,USO02,1
ELA LINE VERTICAL,ELA Stain,ELA Stain,USU07,1
ELA LINE HORIZONTAL,ELA Stain,ELA Stain,USU07,1
ELA THIN HOR,ELA Stain,ELA Stain,USU07,1
ELA DIAGONAL,ELA Stain,ELA Stain,USU07,1
ELA BAND VERTICAL,ELA Stain,ELA Stain,USU07,1
ELA BAND HORIZONTAL,ELA Stain,ELA Stain,USU07,1
ELA BAND VER,ELA Stain,ELA Stain,USU07,1
ELA BAND HOR,ELA Stain,ELA Stain,USU07,1
ELA Stain,ELA Stain,ELA Stain,USU07,1
PIXEL ETC,Dot Others,Dot Others,USD16,1
DOT±âÅ¸,Dot Others,Dot Others,USD16,1
Dot Others,Dot Others,Dot Others,USD16,1
D OPEN,D-Open,D-Open,USL04,1
DATA OPEN,D-Open,D-Open,USL04,1
D-Open,D-Open,D-Open,USL04,1
FAB)D-OPEN,D-Open,D-Open,USL04,1
Dome key ºÒ·®,Dome key fail,Dome key fail,USF23,1
DGT DRAW FAIL,DGT DRAW FAIL,DGT DRAW FAIL,UST81,1
DGT DRAW FAIL ,DGT DRAW FAIL,DGT DRAW FAIL,UST81,1
DGT COM VER ,DGT COM VERSION NG,DGT COM VERSION NG,UST118,1
DGT COM VER,DGT COM VERSION NG,DGT COM VERSION NG,UST118,1
DGT COM I2C ,DGT COM I2C FAIL,DGT COM I2C FAIL,UST117,1
DGT COM I2C,DGT COM I2C FAIL,DGT COM I2C FAIL,UST117,1
C/D SHORT,D-DEFECT,D-Defect,USL06,1
D-DEFECT,D-DEFECT,D-Defect,USL06,1
CD SHORT,D-DEFECT,D-Defect,USL06,1
FAB)D-DEFECT,D-Defect,D-Defect,USL06,1
FAB)DBD,DBD,Data Block,USL08,1
DBD,Data Block,Data Block,USL08,1
DATA BLOCK MACRO,Data Block,Data Block,USL08,1
(FAB)CUTTINGºÒ·®,Cutting fail(FAB),Cutting fail(FAB),USS07,1
C-Spacer Tilt,C-Spacer Tilt,C-Spacer Tilt,USA03,1
CROSSTALK,CROSSTALK,Crosstalk,USF12,1
C-resinµµÆ÷ÝÕ,C-resinµµÆ÷ÝÕ,C-resinµµÆ÷ÝÕ,USF21,1
C-PANEL º¯»ö,C-PANEL º¯»ö,C-PANEL º¯»ö,USA19,1
C-PANEL ±¸°ÜÁü,C-PANEL ±¸°ÜÁü,C-PANEL ±¸°ÜÁü,USA18,1
C-Panel Tilt,C-Panel Tilt,C-Panel Tilt,USA04,1
C-Panelµé¶ä,C-Panel Come Off,C-Panel Come Off,USA06,1
C-Panel±âÆ÷,C-Panel Bubble,C-Panel Bubble,USA07,1
C-PanelÀÌ¹°,C-Panel Alien,C-Panel Alien,USA12,1
Color Difference,Color Difference,Color Difference,USU32,1
COFÂïÈû,COF Spear,COF Spear,USC01,1
COF S/C,COF S/C,COF S/C,USC02,1
COFÂõ¾îÁü,COF RIP,COF RIP,USC03,1
COF¿Ü°ü±âÅ¸,COF Others,COF Others,USA09,1
COF ¿øÀÚÀç,COF Material,COF Material,USF33,1
COF IC±úÁü,COF IC Broken,COF IC Broken,USC05,1
COF±¸°ÜÁü,COF Crumple,COF Crumple,USC04,1
COF µé¶ä,COF Come Off,COF Come Off,USA08,1
(FAB)»óºÎ±âÆ÷,Circular Stain(FAB),Circular Stain(FAB),USS11,1
¿øÇü¾ó·è,Circular Stain,Circular Stain,USS09,1
C-FPC µé¶ä,C-FPC µé¶ä,C-FPC µé¶ä,USA15,1
CELL º¸È£ Film ¹Ì¹Ú¸®,CELL º¸È£ Film ¹Ì¹Ú¸®,CELL º¸È£ Film ¹Ì¹Ú¸®,USP17,1
¼ö·®ºÎÁ·,Cell Shortage,Cell Shortage,USA24,1
Cellº¯Çü,Cell Modify,Cell Modify,USA10,1
Á¦Ç°È¥ÀÔ,Cell Mixing,Cell Mixing,USE01,1
C-COF Tilt,C-COF Tilt,C-COF Tilt,USA02,1
C-COF µé¶ä,C-COF Come Off,C-COF Come Off,USA14,1
Ä«¸Þ¶ó ±¸µ¿ºÒ·®,Camera No Display,Camera No Display,USF18,1
FAB)C/G SHORT,C/G Short,C/G Short,USL03,1
FAB)C/D SHORT,C/D Short,C/D Short,USL01,1
BURNING ºÒ·®,BURNING ºÒ·®,BURNING ºÒ·®,USS24,1
SPOT DARK,B-Spot,Low Gradation Spot,USU25,1
Dark Spot,B-Spot,Low Gradation Spot,USU25,1
BLACK SPOT,B-Spot,Low Gradation Spot,USU25,1
½ÇÀå MCR MARK ÝÕ,Bonding MCR MARK ÝÕ,Bonding MCR MARK ÝÕ,USF42,1
FAB)BLUE WAD,BLUE WAD,BLUE WAD,USU11,1
BLUE OFF,BLUE OFF,Blue Dot Off,USD12,1
Á¶¸³±âÅ¸,Ass'y Others,Ass'y Others,USA05,1
Ass'y ³«ÇÏ,Ass'y Dropping,Ass'y Dropping,USA13,1
ART ºÒ·®,ART ºÒ·®,ART ºÒ·®,USF39,1
AMT ³«ÇÏ,AMT ³«ÇÏ,AMT ³«ÇÏ,USO15,1
AMT MCR Mark ÝÕ,AMT MCR Mark ÝÕ,AMT MCR Mark ÝÕ,USO12,1
FAB)G-TRIMMING,ALPM Defect,ALPM Defect,USL11,1
FAB)»öÀÌ»ó,Abnormal Color,Abnormal Color,USU09,1
POC_,(POC2)Abnormal Color,Abnormal Color,USU09,1
POCW_VT03,(POC2)Abnormal Color,Abnormal Color,USU09,1
POCG_VT06,(POC)VL Stain,VL Stain,USU16,1
POCG_VT07,(POC)HL Stain,HL Stain,USU15,1
ÇÏºÎÂïÈû,Lower Spear, Lower Spear,USS17,1
white Current Time Out,CURRENT TIME OUT,CURRENT TIME OUT,USF67,1
NO ACK,READ TIME OUT,CURRENT TIME OUT,USF67,1
CONTACT_CHECK_NG,FT)No Display,FT)No Display,USF44,1
TIMEOUT_PRE_MTP_CHECK,MTP Time Over,MTP Time Over,USF08,1
PRE_MTP_CHECK,MTP Time Over,MTP Time Over,USF08,1
TIMEOUT_ID_CHECK,MTP DIFF,MTP ID NG,USF07,1
ID_CHECK,MTP DIFF,MTP ID NG,USF07,1
TIMEOUT_OTP_REG_CHECK,MTP DIFF,MTP ID NG,USF07,1
OTP_REG_CHECK,MTP DIFF,MTP ID NG,USF07,1
TIMEOUT_MTP_OPTIC_CHECK,MTP Time Over,MTP Time Over,USF08,1
TIMEOUT_SLEEP_CURRENT_CHECK,CURRENT TIME OUT,CURRENT TIME OUT,USF67,1
SLEEP_CURRENT_CHECK,SLEEP CURRENT NG,Sleep Mode Current,USF17,1
TIMEOUT_WHITE_CURRENT_CHECK,CURRENT TIME OUT,CURRENT TIME OUT,USF67,1
WHITE_CURRENT_CHECK,i_bat Current,i_bat Current,USF15,1
TIMEOUT_POC_PROC_CHECK,POC_PROC_TIMEOUT,POC_PROC_TIMEOUT,USF45,1
TIMEOUT_INSP_PROC_CHECK,INSP_PROC_TIMEOUT,INSP_PROC_TIMEOUT,USF46,1
TIMEOUT_VEC_LOAD_CHECK,VEC_LOAD_TIMEOUT,VEC_LOAD_TIMEOUT,USF47,1
TIMEOUT_COMPENSATION_CHECK,TIMEOUT_COMPENSATION,TIMEOUT_COMPENSATION,USF48,1
CHANNEL_DOWN,READ TIME OUT,READ TIME OUT,USF68,1
ALL ERROR,TSP CM ALL,TSP CM ALL,UST94,1
Tol MAX Over,FORCE TOUCH FAIL,FORCE TOUCH FAIL,UST137,1
REF ALL ERROR,TSP CM ALL,TSP CM ALL,UST94,1
REF ALL ERROR!,TSP CM ALL,TSP CM ALL,UST94,1
ALPM Spec Over,MTP LM,MTP LM,USF03,1
ALPM2 Spec Over,MTP LM,MTP LM,USF03,1
Ca210 comm Errrror,MTP Time Over,MTP Time Over,USF08,1
Ca210 comm Error,MTP Time Over,MTP Time Over,USF08,1
GAP A,TSP CM BAND,TSP CM BAND,UST91,1
GAP S,TSP CM BAND,TSP CM BAND,UST91,1
GAP,TSP CM BAND,TSP CM BAND,UST91,1
TSP_OPEN SLOPE FAIL ,TSP COM CMD NG,TSP COM CMD NG,UST115,1
O-¼¼·Î¼±,FT)O-Vertical Line,FT)O-Vertical Line,USO17,1
ÀÌÁßº¸È£¸·,,,USS25(FAB),1
SKIP,READ TIME OUT,READ TIME OUT,USF68,1
(NO_POC)Panel Stain Others,Panel Stain Others,Panel Stain Others,USU19,1
FT)Next Step Dent,ÈÄ°øÁ¤ ÂïÈû,ÈÄ°øÁ¤ ÂïÈû,USS36,1
MTP/OTP WRITE ERROR,MTP Time Over,MTP Time Over,USF08,1
LXY_SPEC_CHK_NG,MTP LM,MTP LM,USF03,1
NDIM 2 Step Spec Over,MTP LM,MTP LM,USF03,1
NDIM 2 step Spec Over,MTP LM,MTP LM,USF03,1
Mtp Time Over,MTP Time Over,MTP Time Over,USF08,1
VISION ETC ERROR,Vision Error,Vision Error,USU34,1
Vision Error,Vision Error,Vision Error,USU34,1
NDIM 3 step Spec Over,MTP LM,MTP LM,USF03,1
NDIM 3 Step Spec Over,MTP LM,MTP LM,USF03,1
HBM MPCD Spec Over,MTP MPCD,MTP MPCD,USF11,1
CU Vision Time Out,Vision Error,Vision Error,USU34,1
2 Step COORD. lowgray ERROR,MTP LOW Gray LM,MTP LOW Gray LM,USF09,1
HBM T Color Spec Over,MTP T Color,MTP T Color,USF10,1
MPCD Over:v255,MTP MPCD,MTP MPCD,USF11,1
Fixed Gamma Max Over,MTP Time Over,MTP Time Over,USF08,1
MTP_LOG_READING_FAIL,MTP Time Over,MTP Time Over,USF08,1
(POC1)VL Stain,VL Stain,VL Stain,USU16,1
FT)Lami Alien,FT)LamiÀÌ¹°,FT)Lami Alien,USW13,1
(POC1)Panel Stain Others,Panel Stain Others,Panel Stain Others,USU19,1
Window Scratch,WINDOW S/C,WINDOW S/C,USW04,1
Vertical Line Others,Vertical Line Others,Vertical Line Others,USO05,1
EEP_WRITE_ERROR,Vision Error,Vision Error,USU34,1
(POC2)Mask Stain Other,Mask Stain Other,Mask Stain Other,USU06,1
FT)O-Vertical Line,FT)O-Vertical Line,FT)O-Vertical Line,USO17,1
FT)S-Vertical Line,FT)S-Vertical Line,FT)S-Vertical Line,USO16,1
FAB)High Dot Over,HIGH OVER,High Dot Over,USD01,1
TIMEOUT_COMPENSATION,TIMEOUT_COMPENSATION,TIMEOUT_COMPENSATION,USF48,1
(N)(POC2)Abnormal Color,FT)Abnormal Display,FT)Abnormal Display,USF43,1
(NO_POC)VL Stain,VL Stain,VL Stain,USU16,1
FT)UB Shrinkage,FT)UB Shrinkage,FT)UB Shrinkage,USS27,1
(NO_POC)W-Spot,W-Spot,W-Spot,USU26,1
MCD Bright Line,MCD ºÒ·®,MCD ºÒ·®,USU30,1
Panel Visual Others,Panel Stain Others,Panel Stain Others,USU19,1
FAB)Low gradation HIGH,UB Spot,UB Spot,USU24,1
FAB)Off Dot Over,Off Dot Over,Off Dot Over,USD07,1
FT)Abnormal Display,FT)Abnormal Display,FT)Abnormal Display,USF43,1
MCD No dark line,MCD ºÒ·®,MCD ºÒ·®,USU30,1
(NO_POC)HL Stain,HL Stain,HL Stain,USU15,1
(POC1)HL Stain,HL Stain,HL Stain,USU15,1
POL Dropping,POL Spear,POL Spear,USP04,1
(NO_POC)Spin Stain,Spin Stain,Spin Stain,USU08,1
FT)TFE Ptt,FT)TFE Ptt,FT)TFE Ptt,USS28,1
FAB)Off Dot Contigaity,Off Dot Over,Off Dot Over,USD07,1
FAB)High Off Contigaity,High Off Contigaity,High Off Contigaity,USD06,1
POL  Dent,POL Spear,POL Spear,USP04,1
(POC1)Spin Stain,Spin Stain,Spin Stain,USU08,1
EDGELINE,TSP Lami A/M,TSP Lami A/M,USM9,1
Lami Bubble,Lami Bubble,Lami Bubble,USW12,1
FAB)OL Stain,OL Stain,OL Stain,USU17,1
FAB)Water Stain,Water Stain,Water Stain,USU18,1
FAB)ALPM defect,ALPM Defect,ALPM Defect,USL11,1
Horizontal Line(MOD),Horizontal Line,Horizontal Line,USO01,1
FAB)Off Dot Neraing,Off Dot Neraing,Off Dot Neraing,USD09,1
Lami Others,Lami Others,Lami Others,USW15,1
(POC1)W-Spot,W-Spot,W-Spot,USU26,1
FAB)ZEBRA,ZEBRA Defect,ZEBRA Defect,USL10,1
TIMEOUT_MTP_OPTIC,MTP Time Over,MTP Time Over,USF08,1
OCA squashed,OCA ¶â±è,OCA ¶â±è,USW23,1
ºÒ·® ´Ù¹ß,Vision Error,Vision Error,USU34,1
TSP Lami Bubble,TSP Lami Bubble,TSP Lami Bubble,USM6,1
FAB)Scan Current,Scan Current,Scan Current,USU02,1
INSP_NO_NAME,Vision Error,Vision Error,USU34,1
Oblique Line Panel Crack,OL Stain,OL Stain,USU17,1
Oblique line Panel Crack ,OL Stain,OL Stain,USU17,1
TSP Alien,TSP Alien,TSP Alien,UST04,1
TSP Lami Others,TSP Lami Others,TSP Lami Others,USM7,1
POL Discolor,POL Discolor,POL Discolor,USE17,1
TSP Lami Pressing defect,TSP Lami Pressing defect,TSP Lami Pressing defect,USM11,1
TSP Lami Alien,TSP Lami Alien,TSP Lami Alien,USM5,1
TSP CM GAP (CMAMB),TSP CM GAP ,TSP CM GAP,UST92,1
FAB)Mask Stain Other,Mask Stain Other,Mask Stain Other,USU06,1
TSP CM OVER (CMAMB),TSP CM OVER,TSP CM OVER,UST90,1
TSP COM CMD NG (TSP NOT FOUND!),TSP COM CMD NG,TSP COM CMD NG,UST115,1
TSP COM CMD NG (Vsync),TSP COM CMD NG,TSP COM CMD NG,UST115,1
FAB)Abnormal Color,Abnormal Color,Abnormal Color,USU09,1
TSP COM CMD NG (AFE Calibration Fail),TSP COM CMD NG,TSP COM CMD NG,UST115,1
TSP CM GAP (CM_2),TSP CM GAP ,TSP CM GAP,UST92,1
HLPM_CURRENT_NG,i_bat Current,i_bat Current,USF15,1
TSP COM INT NG (LOW),TSP COM INT NG ,TSP COM INT NG,UST112,1
FORCE CM OVER (FORCE_DRAW_1),FORCE CM OVER,FORCE CM OVER,UST130,1
O-Vertical Line,FT)O-Vertical Line,FT)O-Vertical Line,USO17,1
FORCE CB OVER (FORCE_CB),FORCE CB OVER,FORCE CB OVER,UST123,1
TSP CM ALL (CM),TSP CM ALL,TSP CM ALL,UST94,1
TSP COM I2C FAIL (READ),TSP COM I2C FAIL,TSP COM I2C FAIL,UST110,1
FORCE CB ALL (FORCE_CB),FORCE CB ALL,FORCE CB ALL,UST127,1
POL MCR MARK,POL MCR MARKÝÕ,POL MCR MARKÝÕ,USP08,1
OTP_REG_NG,MTP ID NG,MTP ID NG,USF07,1
OPT_REG_NG,MTP ID NG,MTP ID NG,USF07,1
S-Vertical Line,FT)S-Vertical Line,FT)S-Vertical Line,USO16,1
FORCE CM OVER (FORCE_DRAW_2),FORCE CM OVER,FORCE CM OVER,UST130,1
FORCE CM OPEN (FORCE_DRAW_1),FORCE CM OPEN,FORCE CM OPEN,UST129,1
TSP CM BAND (CM),TSP CM BAND,TSP CM BAND,UST91,1
TSP CM M-M (CM_2),TSP CM M-M,TSP CM M-M,UST93,1
TSP CM OVER (CM),TSP CM OVER,TSP CM OVER,UST90,1
FORCE CB M-M (FORCE_CB),FORCE CB M-M,FORCE CB M-M,UST126,1
TSP CM GAP (CM),TSP CM GAP ,TSP CM GAP,UST92,1
TSP CB OVER (TX_CSR_P2P_GAP),TSP CB OVER ,TSP CB OVER,UST99,1
TSP SELF FAIL (SHORT FAIL),TSP SELF FAIL,TSP SELF FAIL,UST107,1
TSP CM OPEN (CM),TSP CM OPEN ,TSP CM OPEN,UST89,1
FORCE CB ALL (FORCE_NOI_H),FORCE CB ALL,FORCE CB ALL,UST127,1
TSP COM I2C FAIL (WRITE),TSP COM I2C FAIL,TSP COM I2C FAIL,UST110,1
TSP CM OPEN (CMSET),TSP CM OPEN ,TSP CM OPEN,UST89,1
FORCE_START1_BEF_TIME_OUT,FORCE TOUCH FAIL,FORCE TOUCH FAIL,UST137,1
TSP CB ALL (TX_CB),TSP CB ALL,TSP CB ALL,UST103,1
FORCE_START3_AFT_TIME_OUT,FORCE TOUCH FAIL,FORCE TOUCH FAIL,UST137,1
TSP CM M-M (CM),TSP CM M-M,TSP CM M-M,UST93,1
TSP COM VERSION NG (IMG Ver)( W0x10170116 : R0x10170112 ),TSP COM VERSION NG ,TSP COM VERSION NG,UST111,1
TSP COM VERSION NG (IMG Ver)( W0x10170116 : R0x10170101 ),TSP COM VERSION NG ,TSP COM VERSION NG,UST111,1
TSP CB M-M (RX_CB),TSP CB M-M,TSP CB M-M,UST102,1
FAB)Data Block,Data Block,Data Block,USL08,1
FORCE CB OVER (FORCE_NOI_H),FORCE CB OVER,FORCE CB OVER,UST123,1
TSP CM ALL (FORCE_NOI_LOW),TSP CM ALL,TSP CM ALL,UST94,1
TSP CB OVER (RX_CSR_P2P_GAP),TSP CB OVER ,TSP CB OVER,UST99,1
TSP COM CMD NG (GCal.Complete Fail),TSP COM CMD NG,TSP COM CMD NG,UST115,1
TSP CM BAND (CMSET),TSP CM BAND,TSP CM BAND,UST91,1
FORCE_START1_AFT_TIME_OUT,FORCE TOUCH FAIL,FORCE TOUCH FAIL,UST137,1
TSP CM M-M (CMSET),TSP CM M-M,TSP CM M-M,UST93,1
TSP Lami Dent,TSP Lami Spear,TSP Lami Spear,USM1,1
HLPM_CURRENT_TIME_OUT,CURRENT TIME OUT,CURRENT TIME OUT,USF67,1
FORCE_START3_BEF_TIME_OUT,FORCE TOUCH FAIL,FORCE TOUCH FAIL,UST137,1
FORCE_START2_AFT_TIME_OUT,FORCE TOUCH FAIL,FORCE TOUCH FAIL,UST137,1
TSP COM VERSION NG (IMG Ver)( W0x10170116 : R0xffffffff ),TSP COM VERSION NG ,TSP COM VERSION NG,UST111,1
TSP CB OPEN (RX_CB),TSP CB OPEN ,TSP CB OPEN,UST98,1
TSP CB OPEN (TX_CB),TSP CB OPEN ,TSP CB OPEN,UST98,1
TSP CM JITTER(NOI_L),TSP CM JITTER ,TSP CM JITTER,UST97,1
TSP CM BAND (WATER_RX_RAW),TSP CM BAND,TSP CM BAND,UST91,1
TSP CM BAND (LPA_CX2),TSP CM BAND,TSP CM BAND,UST91,1
FORCE CM BAND (FORCE_SIX_TOTAL),FORCE CM BAND,FORCE CM BAND,UST131,1
TSP CM M-M (RAW),TSP CM M-M,TSP CM M-M,UST93,1
TSP CM OPEN (LPA_CX2),TSP CM OPEN ,TSP CM OPEN,UST89,1
FORCE CM ALL (FORCE_SIX_TOTAL),FORCE CM ALL,FORCE CM ALL,UST134,1
FORCE CM BAND (FORCE_JIT_CH2),FORCE CM BAND,FORCE CM BAND,UST131,1
TSP CM GAP (LPA_GPA),TSP CM GAP ,TSP CM GAP,UST92,1
FORCE CM BAND (FORCE_JIT),FORCE CM BAND,FORCE CM BAND,UST131,1
TSP CM OPEN (RAW),TSP CM OPEN ,TSP CM OPEN,UST89,1
ITO FORCE_SHRT_FORCE FAIL (18),TSP SELF FAIL,TSP SELF FAIL,UST107,1
TSP CM BAND (FORCE_JIT_CH2),TSP CM BAND,TSP CM BAND,UST91,1
TSP CM ALL (FORCE_SIX_TOTAL),TSP CM ALL,TSP CM ALL,UST94,1
FORCE CM BAND (FORCE_RAW),FORCE CM BAND,FORCE CM BAND,UST131,1
ITO FORCE_SHRT_FORCE FAIL (19),TSP SELF FAIL,TSP SELF FAIL,UST107,1
FORCE CM ALL (FORCE_JIT),FORCE CM ALL,FORCE CM ALL,UST134,1
INT PIN (OFF),TSP COM INT NG ,TSP COM INT NG,UST112,1
TSP CM BAND (FORCE_SIX_TOTAL),TSP CM BAND,TSP CM BAND,UST91,1
TSP CM ALL (LPA_CX2),TSP CM ALL,TSP CM ALL,UST94,1
TSP CM BAND (SIX_TX_TOTAL),TSP CM BAND,TSP CM BAND,UST91,1
TSP CM BAND (FORCE_JIT),TSP CM BAND,TSP CM BAND,UST91,1
FORCE CM ALL (FORCE_JIT_CH2),FORCE CM ALL,FORCE CM ALL,UST134,1
TSP CM ALL (SIX_TX_TOTAL),TSP CM ALL,TSP CM ALL,UST94,1
TSP CM ALL (FORCE_RAW),TSP CM ALL,TSP CM ALL,UST94,1
TSP CM BAND (FORCE_RAW),TSP CM BAND,TSP CM BAND,UST91,1
TSP CM BAND (RAW),TSP CM BAND,TSP CM BAND,UST91,1
TSP CM OVER (RAW),TSP CM OVER,TSP CM OVER,UST90,1
TSP CM OVER (JITTER),TSP CM OVER,TSP CM OVER,UST90,1
TSP CM BAND (WATER_TX_RAW),TSP CM BAND,TSP CM BAND,UST91,1
TSP CM ALL (SIX_RX_TOTAL),TSP CM ALL,TSP CM ALL,UST94,1
FORCE CM ALL (FORCE_RAW),FORCE CM ALL,FORCE CM ALL,UST134,1
FORCE TOUCH FAIL (TOL MAX OVER),FORCE TOUCH FAIL,FORCE TOUCH FAIL,UST137,1
COLOR_AREA ERROR,Vision Error,Vision Error,USU34,1
MIN_MPCD_SPEC_OVER,Vision Error,Vision Error,USU34,1
MTP_LOG_READING_FAIL_SDC,MTP Time Over,MTP Time Over,USF08,1
Mtp ID Check Time Over,MTP Time Over,MTP Time Over,USF08,1
COLOR_LOG_READING_FAIL,Vision Error,Vision Error,USU34,1
MTP_Data_Empty,MTP Time Over,MTP Time Over,USF08,1
WRONG_MODEL_NAME,Cell Mixing,Cell Mixing,USE01,1
Cell Mixing,Cell Mixing,Cell Mixing,USE01,1
UniATS_FB_NG,Vision Error,Vision Error,USU34,1
Beneath Hill,Beneath Hill,Beneath Hill,USU35,1
SKIP_B_ZONE_EMPTY,Vision Error,Vision Error,USU34,1
Window Dent,Window Suppress,Window Suppress,USW35,1
POC DEFECT NAME EMPTY,Vision Error,Vision Error,USU34,1
TSP_TIME_OUT,TSP COM CMD NG,TSP COM CMD NG,UST115,1
CONTACT_NG,FT)No Display,FT)No Display,USF44,1
TSP Spot,TSP Spot,TSP Spot,UST30,1
OPTION_CHECK1_NG,ICT,ICT,USC08,1
WHITE_CURRENT_TIME_OUT,CURRENT TIME OUT,CURRENT TIME OUT,USF67,1
FORCE CB ALL (FORCE_RAW),FORCE CB ALL,FORCE CB ALL,UST127,1
TSP CB M-M (TX_CSR_P2P_GAP),TSP CB M-M,TSP CB M-M,UST102,1
TSP PF Miss,TSP PF Miss,TSP PF Miss,USM2,1
POL PF Defect,POL PF Defect,POL PF Defect,UST28,1
OPTION_CHECK1_TIME_OUT,ICT,ICT,USC08,1
Panel PF Defect,Panel PF Defect,Panel PF Defect,USS35,1
IC Version NG,IC Version NG,IC Version NG,USO54,1
POC No Data,POC No Data,POC No Data,USO55,1
Cu GND NG,Cu GND NG,Cu GND NG,USF58,1
TSP_CHECK TIME OUT,TSP COM CMD NG,TSP COM CMD NG,UST115,1
TSP_START TIME OUT,TSP COM CMD NG,TSP COM CMD NG,UST115,1
MTP_WRITE TIME OUT,MTP Time Over,MTP Time Over,USF08,1
EVT_VERSION_CHECK NG,IC Version NG,IC Version NG,USO54,1
EVT_VERSION_CHECK TIME OUT,IC Version NG,IC Version NG,USO54,1
OPTIC_CHECK_AFT_P NG,MTP Time Over,MTP Time Over,USF08,1
OPTIC_CHECK_AFT_P TIME OUT,MTP Time Over,MTP Time Over,USF08,1
OPTIC_CHECK_NORMAL NG,MTP Time Over,MTP Time Over,USF08,1
OPTIC_CHECK_NORMAL TIME OUT,MTP Time Over,MTP Time Over,USF08,1
OPTIC_CHECK_PRESCALE NG,MTP Time Over,MTP Time Over,USF08,1
OPTIC_CHECK_PRESCALE TIME OUT,MTP Time Over,MTP Time Over,USF08,1
MTP_VERIFY NG,MTP Time Over,MTP Time Over,USF08,1
MTP_VERIFY TIME OUT,MTP Time Over,MTP Time Over,USF08,1
OTP_COUNT_MAX,MTP Time Over,MTP Time Over,USF08,1
FORCE_START1_AFT_TIME_OUT,FORCE TOUCH FAIL,FORCE TOUCH FAIL,UST137,1
FORCE_START1_BEF_TIME_OUT,FORCE TOUCH FAIL,FORCE TOUCH FAIL,UST137,1
FORCE_START2_AFT_TIME_OUT,FORCE TOUCH FAIL,FORCE TOUCH FAIL,UST137,1
FORCE_START2_BEF_TIME_OUT,FORCE TOUCH FAIL,FORCE TOUCH FAIL,UST137,1
FORCE_START3_AFT_TIME_OUT,FORCE TOUCH FAIL,FORCE TOUCH FAIL,UST137,1
FORCE_START3_BEF_TIME_OUT,FORCE TOUCH FAIL,FORCE TOUCH FAIL,UST137,1
OTP_COUNT_MAX NG,MTP Time Over,MTP Time Over,USF08,1
Window Stain,Window Spot,Window Spot,USW02,1
E-Vertical Line,E-Vertical Line,E-Vertical Line,USO02,1
WHITE_CURRENT_CHECK_NG,i_bat Current,i_bat Current,USF15,1
CELL LOADING NG,FT)No Display,FT)No Display,USF44,1
